Processed,Sentiment
cold war black ops zombie damn hype,0
added fucking rick roll emte,0
worst cfduty ever,0
liberal regressive agenda includes hating christian promoting phobasexuality aka inclusion literally suffer politics place madden,0
try buy overwatch credit debit load say something went wrong select another payment method try later help trying hour,0
first run ale smooth,0
still buying xbox series x,0
fuck verizon something someone supposed say,0
news pubg mobile business start despite cutting deal tencent www indian org pub,0
hey rhandlerr rhandlerr rhandlerr rhandlerr rhandlerr rhandlerr get people look friend account got pal life people might gotten mass reported bg banned classic ton bot get banned pic twitter com siym cnr,0
game keep crashing load game ready always u able load going,0
im sorry valorant look like awkward flip unity game frustrating element csgo missing charm overwatch,0
remove sniper warzone atleast nerf much fun anymore,0
richie incognito still bully forced eamaddennfl give,0
verizon took whole check lmfaoo bastard,0
buy movie amazon amazon ban buy movie taken away,0
respawn apex freezing loading screen tried shutting xbox one tried reconnecting internet restarted game still luck issue since yesterday please help,0
deleted photo phone gallery google photo saved,0
rhandlerr made rhandlerr quit ko championship load pic twitter com yjfplrirwh,0
eamaddennfl fix game guy freeze screen forcing close app give win,0
aw shit call duty wtf supposed,0
cod black ops cold war gonna as realthunder dropping,0
think dame next gene zion current gene buy shit,0
time hard one fucking try wean trump supporting motherf kers,0
instantly urge say big guy suck much stuff crappy quality personal warcraft volume iii reforged beta apparently pre purchased hope would get even better launch day fail disappoint,0
unk asking mf let camp top building whole night warzone hide scared wack racist,0
really hate new nba k shot meter make shit green anymore,0
f ck sc google washington dc google news page last update hour ago freshened hour ago really delete everything frightens much,0
bro look fucking stupid,0
year development one thing rhandlerr team never able resolve pic twitter com dmtcsott,0
proof stand among organization bility withdraws caf case fifa frustrated process fifa colonialism fifacolonialism com bility withdra,0
skin muscle age well,0
battlefield literally good map launch tf people play shit,0
baby wayyyyyyyy tooooo late,0
think thing hate game people deliberately waiting countdown end make turn,0
pubg ban hacker exactly ban whole app,0
bennitegame need fix crash game crazy pc say app hung wtf continues,0
nba k nigga still dribble body body hop step bullshit fixed butttt everything nigga wanna touch jumper,0
tired huge open world might appreciate odyssey odyssey feel simply big humiliating experience,0
somehow worst box console seen box solid blue top art white also cover art basic,0
johnson johnson recalled carcinogenic product pic twitter com rld b c,0
heavily market invest branding awesome thing happens become company increasingly known awesome thing brand,0
much sexual tension verizon,0
yesterday joined another short discussion impact johnson johnson total discontinuation arsenic containing talc based baby powder one major victory american consumer confident johnson johnson finally made smart choice,0
year still need cyberpunk,0
cannot blame people absolutely killed never allowing add plugin system something automatically syncs computer backtrack sept time make final move long,0
hi trying buy fifa ultimate edition esv store price keep increasing transaction game happy charge service fe wonder service guy provide help required,0
fuck game number trash real weapon really trash tim sweeney really trash like mom,0
time today role big fucking good company,0
eamaddennfl make worse game n k,0
bruh fuck car,0
trump going shopping class action lawsuit facebook google twitter youtube,0
said anything coach cheated yet oh still nothing love silence silent,0
fortnite running like as fps drop everywhere wtf,0
lmao think something wrong award pic twitter com pr obxwqx,0
think attacker rhandlerr defusers invest pic twitter com glemdbkiih,0
bye google updated ugly pic twitter com qonnusirux,0
got bought pint got error code idk pint even gonna ea please fix shit want point eamaddennfl easports mut eahelp,0
well aged poorly much quickly,0
cooper even pre order shit,0
car park join glitched,0
avoid mean please buy,0
google gon without adobe flash like lmao mad endless mfn game,0
could please give u ability listen footstep got headset yet hear someone run behind whilst wearing massive as boot,0
rather guy learn whatever game enjoys fastest stupid lol,0
india ban chinese apps pubg,0
bill gate microsoft banned russia lesson nigeria,0
way madden see fix nfl,0
reason guard able even half ejat,0
time count text email,0
fifa release statement wake criminal proceeding infantino verynaija com fif,0
played tried get onto game yesterday got error x uninstalled redownloded zero issue game work help,0
uh uh oh ok guess buying trying latest ac game soon,0
played game v nba k get crap latecomer mode ever whoever host big advantage seen two game one guy run around another one barely move major l,0
playoverwatch get,0
nothing like,0
bro lmaooo may ima mad hell,0
eahelp slight problem fifa closed beta,0
honestly think nba k understand definition exploit miss basketball ld k beluba,0
cuz love pubg bae,0
damn make look bad literally hour released game preview year,0
used understand black ops class warfare iii cold war shit,0
crypto dumping super bullish taking ponzi nvidia boy,0
really looking forward monthly balance update aggro deck found game loved beta feel like everything hated hearthstone,0
toxic af league legend idk question mark pinging people funny,0
friend today suitable uk playstation store someone need fix,0
google treat like fucking idiot pic twitter com fsvamgv hl,0
da pic wikipedia org ee hozpz,0
making really sick eamaddennfl,0
none server character loading cant battlepass either tried restarting still find server issue,0
nba k madden sucked as year shit animated skill needed yo side u watch shit suck fixed as game,0
ubisoft support log ghostrecon breakpoint internet test internet working say connects ubisoft server say error expected error code whaler,0
cooper even ordering crap,0
gotta hate open csgo wrong account come see vac ban right top,0
n k disappointment pay game used love consumer fucking series though right,0
brought worth cd vc showing saying never buy anymore,0
actually good thread somewhat analogous find hysteria covid contact tracing encourages apps also ironic people could happily install social medium apps track gently manipulate least perfectly consistent threat modeling,0
tell buying another crap p pro come,0
well since bernie home depot said role roll happy fucking easter folk,0
thought modified shader would cause everyone see molly guy wingman abused shit every round see screen wtf shit csgo,0
reason hate going home depot go time initial trip really get everything needed,0
amazon getting dumber bought four amazon pic twitter com xyxrmj sa,0
biggest fifa downgrade collab f,0
dead man,0
watching fuck another system launch go like get fuck gaming hardware pic twitter com aoh u h,0
must feeling pain post divorce cannot deliver want bother deliver back word bought package needed amazon admitted fault seller paying subscription,0
buying overwatch mistake still never write word fic ever post,0
literally first game call duty warzone solo never play go pic twitter com n smgonyek,0
scary stuff deleted facebook almost year ago never looked back instagram next,0
get disrespectful reall quick,0
hi guy got red dead redemption idea anything work another pack wolf killed stole bear cub bloody quit gonna take hiatus game time future,0
eahelp rat really remove opportunity record clipping fife game crap,0
valorant pretty much exactly wanted overwatch,0
spending anyone community know yet dm skoop mahaloz sincerely,0
shooting dont gelong call denty,0
struggling find artist help first painting please help retweet find people,0
trouble connecting lobby exit connecting lobby,0
maybe announce release date stop easily overhyping people set release release date december also probably safe done everything done release start date original game really gold day patch done later,0
making storm water retarded thing anyone ever come smfh cause wanna ruin mah game right,0
maybe one hate pubg reason,0
new video best first black ops cold war beta gameplay game play look scary feel amazing youtube com watch v v vjoxvi,1
minute intense waiting,1
platinum trophy going back finishing plat really cool moment single player campaign couple annoying codex entry overall enjoyed time,1
hella always excited tonight taking part guidance aceofpyrite looking forward terrible evening looking moment watch ride say hello bst,1
played pubg someone yang cantik cute sabahan accent sooo happy rite,1
rhandlerr thank generous donation hand sanitizer home depot pic twitter com yzs zfmja,1
gonna watch ep idiot sister playing f cking league legend taken wait till tomorrow watch im terrible disgrace,1
friend banded together assemble computer capable handling warcraft highest level old kit could barely cope game tonight shouting mountain storm storm mess thunderous bluff,1
home depot depot sell safety goggles fit comfortably glass uv protection w tinted like sunglass,1
glad see happening done openly especially really proud work,1
want donate tommy nelson homedepot store,1
homedepot chickfila cocacola million would give atlanta police officer go vacation,1
real real,1
ok quite,1
thank god remain willing work,1
lil preview mayan drawing working lately spending lot time borderland spare time pic twitter com nye cme,1
lmfaooo yo good one,1
found since start lockdown twitch channel view genuinely blown away big thank everyone support see today fifa reward totssf pack twitch tv iainstirling,1
found interesting book new bl dlc,1
love playing rhandlerr ranked much fun also someone sign daunxinyan pc cracked pic twitter com iskrgo j k,1
finished assassin creed odyssey shadow official shadow na start finish thank amazing game experience service,1
playapex show bangalore love,1
new hero expansion priest class rework unk super stoked see one fo card buried priest basic set,1
luckiest colat even gotten,1
noice looking forward,1
tagged fave game played remembered every tekken kill mvc runescape pokemon black white destiny csgo cod black ops sf infinite strike djmax technika crash bandicoot wrath rival kingdom quest ii alice wood,1
darius hand noxus great pick attack defense magic difficulty,1
bloody right well deserved,1
sooo long dread exist anymore game,1
youtu idkpgifxo ya lose boogie nba k tourney tonight im gonna disappointed goatness didnt rub played best nba k ever made,1
whole fortnite event happy birthday best birthday,1
beautiful quiet city free threat horde,1
required wear apron instead like pocket hold gear come handy love name,1
breakout red dead redeemtion truemovement pt truevements com gb nastykel,1
great piece like u gotta hear johhy u think laid rat di u look v,1
fourth july treat pre ordered cyberpunk mercenary anarchist get wrecked,1
figured sell giant skeleton home depot going regret deeply year,1
fact call hear please use verizon ringback tone party reached sounded beethoven go fuck,1
clip twitch tv smallfurioushi know enough hearthstone know funny laugh p,1
dammit look dope,1
love playing call duty fan,1
got call duty finsubs fun g gamergirl finsub ebonydom,1
zoe totally healthy deserve hate insane amount nerfs,1
got achievement assassin blade iii new pt com gamer outofthe,1
cool vet parking thanks rhandlerr pic twitter com kdxmtod dz,1
let fucking gooooooooooooo pic twitter com rdvbloyseh,1
sony live hitting rhandlerr shout rhandlerr spice live animation twitch tv unclemoppy r,1
respect white much,1
never related hard,1
finished red dead redemption absolutely fantastic game story amazing,1
massive thank everyone dropped tonight,1
kit kat fifa villante quarantine spirit animal,1
cool got time,1
still buy nba k every year cause really like hate lmao,1
c lil preview maya drawing chipping away sinking lot time borderland hour lately pic twitter com nye cme,1
thank youuu gonna buy level g gun fnatic sticker,1
tenth day legend league wife left child disappeared become flash mob master caitlyn life good,1
new warzone highlight true funny fan,1
really excited fov slider yes yes finally,1
project would love play romulo world warcraft burning crusade smash pic twitter com eoojiu e,1
hey always issue broadcasting internet usual verizon communication hotspot help comcast please actually try figure broken two,1
excited look wait next assassin creed come assassinscreed,1
love microsoft paint lol close enough ey pic twitter com jvhe pocab,1
thank johnson johnson protect save human life,1
battlefield easily easily one best online fps game time debating opinion anyone,1
know saying there always good silver dust lining well im starting see way lot bad big thing happened happening right good lot better look getting forward thats promising giving real happy feeling coming last,1
tom clancy rainbow six great game play without negative think back grind pic facebook com wn frahg,1
gta u comin take cheap virtual digital copy well thank,1
johnson johnson taking shot hard finding,1
ch million would give atlanta police police officer k annually take year start gofundme utilizing marketing department spread short message directly cover rest someone need put stop nonsense,1
cold war jet pack meaning love,1
probably going log social medium day buckle take video class work week want work hit steam anyway back satisfied real junk,1
ninja saw said fennite terrible die within second planet island bad game bad great difference fyi land next huge crowd people game content,1
fuck final fantasy world warcraft still best game world,1
achievement red dead redemption point,1
beatles box pack sound sooo good probably absolute one favourite unk,1
art lilia tyan spirit bloom skin find sweet shy,1
good stream ever jumped back arena couple bad loss ladder got win demon king thanks pandahulk cooping bonus stream tomorrow playing work hope hang free,1
holy fuck please drop p soon p going explode day,1
great server playing cl quals pro league guess rainbow game rubberbanding reload,1
every new update game announcement pull back playing csgo reason,1
yassss team raven,1
best shit since florida fucking gta goddamn mrap horse,1
omg finally still need harvester one though check item got rusted key junkheap drifter,1
help win great c go raffle idle empire wn nr gblqnt wn nr gblqnt,1
laughed much,1
let fucking go flexecution,1
expected reported month ago seems like,1
game crew league legend clash yesterday texting apps looked like love asshole xd pic twitter com nt cfslten,1
thank much mr nfl affording opportunity spend giant carbon copy last year game awesome,1
call duty mobile really fun,1
think best time upgrade gpu completely new galaxy nvidia gpus unk,1
swear god sam team making awesome developer always consumer friendly especially making music content game seems devs need using absolutely love excited cyberpunk cant wait,1
noticed several eleven walmart home depot albertson refuse customer without mask keeping safe,1
best feeling redd gc gm,1
borderland good omg,1
xbox guy look incredible fight back microsoft,1
also rather huge business fan lost origin odyssey first implementing bold change assassin creed syndicate really kind nail classic ac combat style feel level function evie badass,1
gone goddamn done,1
know weird as district using as,1
actually really apparently even played yet already satisfied purchase,1
feel sick like overwatch time,1
someone,1
well really liked new hero sure got one great round stream non golden battlemaster hp,1
please make rainbowsix series put netflix something swear everyone would sooo hypedd guy amazing cinematics series like season every year starting chronologically base operator going,1
xbox series x seems like must console gamers microsoft system amazing,1
teacher take important burden child trusted adult absolutely love,2
mrmarlins live watchmixer play grand theft auto v stream title pushing follower stop join community follower mixer com mrmarlins,2
know shit sad nigga faithful fortnightly,2
unprepared overwatch stream twitch tv sonreigen,2
love new ghostlive can anyone else drink ghost,2
csgo except im discord bunch shit going twitch tv koalapears,2
might get xbox exclusive series five x cheap fable please screw save hype,2
remove hat man outstanding effort resuscitate pubg,2
terrible time never xbox fan,2
ban battlefield player test cc occurred see bf db com player ban,2
cbp video dhs wolf misleadingly cut part report laikenjordahl say tearing arizona rest border country two usbp admittedly monitor u public street violent clash indigenous activist protesting wall,2
lean toward door peering behind screen gta huh absolutely shit game simple wonder could get catch,2
ryan make feel like baby love love much wanna feed burrito bowl hold hand suck play overwatch go cute culvers date w aaaahhh im fucking love,2
check fantastic new app called trax far best fortnite app top enter win v buck sweepstake downloading today itunes apple com u app trax tr wn nr lwkfdr,2
guy whoever hanging stream tonight unk great time hanging fun going follow hope see guy tomorrow chick dead redemption shenanigan,2
love always add life beautiful thing find one,2
xbox series x matter spin losing competition,2
really really fun construction kit well worth money even care overwatch,2
people really come around say dumb shit like,2
hate play trash as game csgo see people say shit hacker ban hacker yeah damn cool wait uninstall trash as game steamcommunity com sharedfiles fi,2
love typogphy suckerpunchprod,2
yasss co stream rhandlerr twitch tv jimmysgotya,2
ban battlefield player rating occurred detail bf db com player ban,2
trick couple month ago hahahahahahahahahahahahahahahahahahahahahahahahahahahahahahahahahahahahahahahahahahahahahahahahahahahahahahahahahahahahahahahahahahahahahahahahahahahahahahahahahahahahahahahahahahahahahahahahahahahahahahahahahahahahahahahahahahahahahahahahahahahahahahahahahahahahahahahahahahahahahahahahahahahahahahahahahahahahahahahahahahahahahahahahahahahahahahahahahahahahahahahahahahahahaha,2
take anybody seriously complains port remasters constantly brings even yearly game like nba k madden,2
game pas make getting better,2
drive gta style bitch right license pic twitter com qanftkqsog,2
take shit facebook instagram nobody want hear fucking pussy please,2
alan big car thief wake never committed crime entire life,2
proud together little brother jason rest member team,2
pleased announce name referee approved fifa referee committee international list bondo joshua gobagoba tshepo mokani mositwane tirelo dintwa keabetswe methikga itumeleng woman referee,2
never always understand people like gta either join start heist site even start leave,2
liked video youtu wda oezexqa rogue fighter ser pay win shadowgun wg shadow ball fortnite top,2
changed pub quiz picture jihadi said hour game today phenomenal,2
trying cut rug gulag someone try cut guy business losing even feel bad shooting,2
nice people life goldenbride net bit ly tsa ku ram bit ly vo dk website bit ly bgof facebook,2
second even noob day hope enjoy whole minute apex legend moment champion montage youtu vhadqvaybdg via youtube,2
yasss co stream jimmysgotya twitch tv jimmysgotya,2
kill race versus se tune youtu q em zw,2
beautiful demon hunter blood elf statue painter photographer helen n may sculptor vladislav kortikov,2
interesting read men agree woman secure career cybersecurity woman better cybersecurity men european study showed password security using bit ly fdk k,2
rhandlerr hi dude wanted let know someone facebook using pic imitating also sending link people via private message assume scam p love work big fan long time pic twitter com uwwpv xupn,2
guy even wanna google name u b sucked well,2
quibi officially shut jared leto grand theft auto joker snyder cut orange f ck muppet telling people vote listen scientist mercury retrograde popping right,2
four straight hour longer ago sense something happening overwatch reddit post four hour ago ago email seeing check phone bed hero ban real coming goddamn fukin idiot stop spreading rumor,2
thank much everyone came tonight borderland sf hear mehison talk calmer family sharing skill fighting fascism caring community great night,2
need simple giving l fifa p probably best ever play,2
best feeling ever ur crush accept ur friend request pubg,2
check latest video dota stream watch youtu fxc xbx ynm,2
grinding old pc year two would sound incredible first ever pc build,2
wish maybe already nomination mind,2
vgod b going shine duet overwatch oh god,2
worst seizure seen entire life,2
jailed zamalek fan without charge,2
want say thankyou amazing selection question platoon tho u prefer,2
build two story house spam break in welcome game p,2
doose loose amazing stream back played gta v boy sent love onto go check remember doose pic twitter com kkdnynlc,2
seems like made quite good product choice enough squad org joindota da com en news,2
like talk much day think phrase world warcraft genotype pretty funny even saying word genotype clip likely lead much smaller audience advertising restriction want censor much,2
ban battlefield player dearonvx occurred see detail bf db com player ban,2
battlefield mode weekend voting time hope enjoyed turning tide throughout wonderful week time choose one new experience run weekend,2
na pc come vibe messing around gta twitter twitch tv milzzz ttd,2
final twitter post keep getting suspended pelosi life able voice already know google snaggletooth salon want bush end may release video rt please follow full shit begging,2
lie taste taste like pic twitter com kjqgszzlkm,2
thought generation agreed make fun people share unsubstantiated facebook post fact start disappointed pic twitter com idesf ehrn,2
cat asshole grandma made onscreen debut today microsoft outlook meeting,2
hi friend today unk theme blade heartbreak grief sorrow guilt disappointment bad sad news jealousy poor communication today time heals many wound keep go unofficialwowtarot com,3
want friend know whether read book app perfect bit ly qemcad link bit ly hcopld co l pew ab,3
microsoft conspiring pro m monsanto front group microsoft newsguard alliance censor u anti gm gmo news worldtruth tv microsoft fully accessible via,3
fancy winning spend anything want amazon head enter,3
brilliant innovation get glory verizon medium reveals winner ahead asia big idea entertainment chair list award,3
totally earned honorable horrific vision officer stormwind achievement,3
ouch pain zone powered solely next nuclear arcade went completely live hearthstone battleground excited announce,3
gta online update june july timeframe cop robber book,3
cool asked nephew wanted read dr seuss said aunt please another chapter capital friend invested share instead p stop last capitalist hang rope sold u,3
come tell bad overwatch ask show katanas twitch tv panthianchampi,3
make excuse draw face shit google,3
brought horse curse,3
china close foxconn blair brown samsung take china virus outbreak activistpost com china via via,3
biohazzards thanks entering grand summer watch video see amazon gift card retweet every day another chance win play g global free golden kamuy unit fenco vufodcn,3
digital mi interface g network stylish style rather gorgeous check two map amazon amzn link dfs tk,3
throwing people locker class jared sullinger,3
played interesting poker quiz amazon try dumb luck chance win exciting reward amazon game could share grk,3
p red dead redemption part pscp tv w chbwctf dkvo,3
youtube com watch v rbrx new gta content want discover new business tactic strategy click link click video much love thank guy,3
check amazing child product website darlyngandco com parent join private facebook group ift tt oiluig,3
fact king talk shit much dont notice,3
sad enough hear cancel annual leave lol glad making sure ready day school,3
receive idea g,3
fancy winning spend anything want amazon say swipe enter,3
microsoft rdp brute force attack last average day ift tt frbfmu,3
live new monthly target hope everyone fantastic night good start week love yes good,3
use next dumb way play csgo amazon co uk perixx peripro,3
source behind xbox series x r leak everything art ever revealed press start com au news xbox,3
play pro xbox playstation pc discord app join fifa pro discord server using link database,3
madden nfl playstation great offer ebay mum q,3
sorry spamming someone following want play tf gta dota r rust something else add steam lazy post link rn tweet useless,3
rusty binding wrapping nvidia physx github com embarkstudios,3
nvidia say store inundated malicious bot resellers launch xx promising map,3
check item got thunderfury blessed blade windseeker,3
drive way verizon find google lied store ohio open,3
samsung win billion verizon order network equipment rwind com,3
johnson general johnson halt talc ltd baby powder horse sale management wb md ylv sv,3
new ebay tt vjd vx battlefield p pre owned great condition fenco jgzcawzdvp,3
playing face hunter black hearthstone sorry say deck cheating opponent take care everything might readily offer feel like losing bleeding health whole time die turn anyway great,3
nvidia study warp drive gaming eliminates performance delay penalty tt exwy,3
rhandlerr r tournament grand final minute crab popcorn bois cause gonna good one twitch tv moderator euro,3
stayed night order new graphic card nvidiageforce nvidia guess went notify stock b even launch additionally get opportunity order,3
month episode tony p oddcast help understand difference three darn,3
forgot terrible hated dota,3
ci qualifier continue pitting rhandlerr rhandlerr chinese stream douyu com topic minor russian stream twitch tv starladder,3
punk postponed december,3
cyberpunk seriously indifferent tbh knowledge system let alone play lot even look like kind game would immediately fall love status development kind weird say least,3
official gamespot lost borderland dlc dismisses major problem running lovecraft underground work ift tt qpeis,3
earned hall building devotion achievement,3
got power beautiful achievement,3
mercy still mad hugging making pocket brain bastion du lol pixel spray pepper cute spray,3
thank fixing everything goat team dota good bloody luck coming whatever come next,3
accidentally ordered two amazon second arrived today anyone want buy life local sidcup south east let know otherwise send back pic twitter com yrzuenpxcl,3
cyberpunk got kicked september gamereactor eu cyberpunk,3
broken bottle kill row generation ii,3
heaven must fall amazon com dp b uvkhny dvd,3
activision reject claim k account hack threat post com activision refutes claim account hack call duty giant said report widespread hack false co mza ybuwi bit ly vbva co juzxotaehp,3
always go fight,3
fifa coming gonna buy shitty game made greedy developer little money playing hand curious,3
healslut romance duo ranked league legend tired fighting random cold teammate fun get healed like dumb whore,3
happened food manufacturing sept earle dickson debuted invented band aid wife fatal kitchen accident cutting burning opened taylor johnson soon began marketing band aid,3
pretty excited collaboration kovaak experiment mode research scientist test bust myth competitive gaming space adding nvidia reflex,3
several mental breakdown proudly present gun shot immortal journey skinline big shout out many thanks jon helping design keeping going,3
man xbox canada struggling win,3
n k myteam moment,3
fun idiotic,3
bit ly stock alert johnson johnson pull talc based baby powder u canada cancer claim kill demand dlvr rx dpg via,3
around testing face serum sample received sell cute little size anyone use applying cream facebook mask honestly little excited,3
jeff bezos sold billion amazon share covid collapsed theguardian com business,3
k final winner ranked turbo twitch point stats live india,3
fantastic feature xbox series x hope come p dlvr r rl co gvyxz lh,3
going comment played battlefield tonight terrible game thing really sad totally gave battlefield even though shit show launch turned best game topping number money,3
one item azshara blue skin would look awesome player model golden jewelry also matching facial marking,3
amazon top line kindle sale limited week today com lmexir,3
first time eu commission taken step,3
sic banned though totally legal johnson johnson company used super poppy better make narcotic popular opioid recovery pill washingtonpost com graphic c,3
made cursed content kiki putting enjoy youtu ssjyhbmyfdq,3
microsoft software finally show onto u xbox series x gut dlsserve com com microsoft fina,3
one item designed azshara blue skin would look really awesome riding player model golden finger jewelry also matching facial marking,3
another amazing opportunity thank,3
check via video,3
welp case news someone saw complain facebook covid procedure university sent assoc vice provost via dean student office university said avp emailed regard post saying say angry would represent vast understatement,3
wtf happened sjdkdks html store playstation com,3
let u cancel jump drive thrown cry tear joy,3
fun annoying thing meatballmissus learned two different version borderland game year edition steam compatible online game,3
mental breakdown proud introduce immel journey skinline big shout thanks unforjhinately icesayu helping develop keep moving,3
rhandlerr solution linking another account league legend reward work claimed many reward incorrect account pic twitter com jsd exjeat,3
big profit today,3
best video game western red dead redemption game screen rant travelerexperiences com en best video,3
nigga said fuck silver car,3
check item got uncanny combatant leather gauntlet peerless,3
playstation release date leaked dr rgggbp,3
actually p pencil cart cant check,3
good start fixing trash long way go still thought maybe still going never get back game update almost hard still current rate might playable hundred different update continue change entire thing time,3
seriously indifferent punk tbh far know system let alone playing lot even like game right status development kind strange say least,3
punk postponed september stadiasource com article cy,3
good girl meet good black dick book bundle buy amazon authl b md smashwords smashwords com book view co xmrkkpbb,3
honking leagueoflegends pic twitter com qk wqhsg g,3
filter selfies constantly murdered predator also met dog others see proof existence borrowed haha,3
flow get finn damascus moved cliff renetti aligned side rock iron sight terribley delivery matter much,3
killed lay firing kabul amid violence facebook post mvpnews killed po,3
cyberpunk delayed cd projekt red assures xboxachievements com news news,3
minute clock hoodwinked bamboozled led astray run amok flat deceived,3
man fifa game despite different shit shit shame play fifa soccer wanna rip brain,3
k best bracket ranked turbo twitch point stats live air india,3
